target,collocate,exp_local,obs_local,ratio_local,obs_global,p_value
福贵,遇到,0.08878427485959696,4,45.053023255813955,10,1.2334770893385245e-06
福贵,老人,0.29298810703667,3,10.239323467230443,33,0.0031115457560115046
福贵,讲述,0.07990584737363726,3,37.544186046511626,9,5.61060245588686e-05
福贵,头发,0.17756854971919392,2,11.263255813953489,20,0.013443673716695562
福贵,裤裆,0.05327056491575818,2,37.544186046511626,6,0.001152145349536632
福贵,今天,0.10654112983151635,2,18.772093023255813,12,0.0048936770422601215
福贵,再也,0.10654112983151635,2,18.772093023255813,12,0.0048936770422601215
福贵,没病,0.03551370994383878,2,56.31627906976745,4,0.0004663268860513745
福贵,那位,0.04439213742979848,1,22.526511627906977,5,0.043612609410666574
福贵,家人,0.02663528245787909,1,37.544186046511626,3,0.026400043238946718
福贵,夏天,0.03551370994383878,1,28.158139534883723,4,0.03504461526300538
福贵,名叫,0.008878427485959696,1,112.6325581395349,1,0.00887842748591927
福贵,几只,0.01775685497191939,1,56.31627906976745,2,0.017678210191114742
福贵,得意,0.03551370994383878,1,28.158139534883723,4,0.03504461526300538
福贵,这牛,0.02663528245787909,1,37.544186046511626,3,0.026400043238946718
福贵,回答,0.03551370994383878,1,28.158139534883723,4,0.03504461526300538
福贵,每个,0.01775685497191939,1,56.31627906976745,2,0.017678210191114742
福贵,微笑,0.03551370994383878,1,28.158139534883723,4,0.03504461526300538
福贵,一笑,0.04439213742979848,1,22.526511627906977,5,0.043612609410666574
福贵,算啦,0.02663528245787909,1,37.544186046511626,3,0.026400043238946718
福贵,赌债,0.008878427485959696,1,112.6325581395349,1,0.00887842748591927
福贵,明天,0.04439213742979848,1,22.526511627906977,5,0.043612609410666574
福贵,沾满,0.01775685497191939,1,56.31627906976745,2,0.017678210191114742
福贵,时刻,0.01775685497191939,1,56.31627906976745,2,0.017678210191114742
福贵,绘声绘色,0.008878427485959696,1,112.6325581395349,1,0.00887842748591927
福贵,相遇,0.008878427485959696,1,112.6325581395349,1,0.00887842748591927
福贵,确实,0.02663528245787909,1,37.544186046511626,3,0.026400043238946718
福贵,衣裤,0.008878427485959696,1,112.6325581395349,1,0.00887842748591927
福贵,耷拉,0.03551370994383878,1,28.158139534883723,4,0.03504461526300538
福贵,流出,0.01775685497191939,1,56.31627906976745,2,0.017678210191114742
福贵,难忘,0.008878427485959696,1,112.6325581395349,1,0.00887842748591927
福贵,显得,0.04439213742979848,1,22.526511627906977,5,0.043612609410666574
福贵,想来想去,0.03551370994383878,1,28.158139534883723,4,0.03504461526300538
福贵,把手,0.03551370994383878,1,28.158139534883723,4,0.03504461526300538
福贵,割破,0.01775685497191939,1,56.31627906976745,2,0.017678210191114742
福贵,之间,0.008878427485959696,1,112.6325581395349,1,0.00887842748591927
福贵,不必,0.008878427485959696,1,112.6325581395349,1,0.00887842748591927
福贵,多礼,0.008878427485959696,1,112.6325581395349,1,0.00887842748591927
福贵,稻穗,0.03551370994383878,1,28.158139534883723,4,0.03504461526300538
福贵,收山,0.008878427485959696,1,112.6325581395349,1,0.00887842748591927
福贵,水田,0.02663528245787909,1,37.544186046511626,3,0.026400043238946718
福贵,赌钱,0.01775685497191939,1,56.31627906976745,2,0.017678210191114742
福贵,我会,0.04439213742979848,1,22.526511627906977,5,0.043612609410666574
福贵,中断,0.008878427485959696,1,112.6325581395349,1,0.00887842748591927
福贵,牛到,0.01775685497191939,1,56.31627906976745,2,0.017678210191114742
福贵,注意,0.01775685497191939,1,56.31627906976745,2,0.017678210191114742
福贵,夕阳西下,0.008878427485959696,1,112.6325581395349,1,0.00887842748591927
福贵,是因为,0.008878427485959696,1,112.6325581395349,1,0.00887842748591927
福贵,结束,0.01775685497191939,1,56.31627906976745,2,0.017678210191114742
福贵,拖累,0.02663528245787909,1,37.544186046511626,3,0.026400043238946718
福贵,国庆节,0.01775685497191939,1,56.31627906976745,2,0.017678210191114742
福贵,立大功,0.008878427485959696,1,112.6325581395349,1,0.00887842748591927
福贵,包子,0.01775685497191939,1,56.31627906976745,2,0.017678210191114742
福贵,想得开,0.01775685497191939,1,56.31627906976745,2,0.017678210191114742
福贵,良心,0.01775685497191939,1,56.31627906976745,2,0.017678210191114742
福贵,好吃,0.01775685497191939,1,56.31627906976745,2,0.017678210191114742
福贵,不长,0.01775685497191939,1,56.31627906976745,2,0.017678210191114742
福贵,冷清,0.008878427485959696,1,112.6325581395349,1,0.00887842748591927
福贵,著犁,0.008878427485959696,1,112.6325581395349,1,0.00887842748591927
福贵,一脸,0.008878427485959696,1,112.6325581395349,1,0.00887842748591927
福贵,全白,0.02663528245787909,1,37.544186046511626,3,0.026400043238946718
福贵,老昏,0.01775685497191939,1,56.31627906976745,2,0.017678210191114742
福贵,有时候,0.02663528245787909,1,37.544186046511626,3,0.026400043238946718
福贵,好样,0.008878427485959696,1,112.6325581395349,1,0.00887842748591927
